-- =====================================================
-- 软件测试面试 SQL 题库 — 建表 + 插入数据
-- 领域：缺陷管理系统（贴近测试日常工作）
-- 运行：mysql -u root -p < setup.sql
-- =====================================================

DROP DATABASE IF EXISTS qa_interview;
CREATE DATABASE qa_interview;
USE qa_interview;

-- -------------------------------------------
-- 1. 项目表
-- -------------------------------------------
CREATE TABLE projects (
    id INT PRIMARY KEY AUTO_INCREMENT,
    name VARCHAR(50) NOT NULL,
    status ENUM('进行中','已上线','维护中') DEFAULT '进行中',
    start_date DATE
);

INSERT INTO projects VALUES
(1, '电商平台', '进行中', '2026-01-15'),
(2, 'CRM系统', '已上线', '2025-08-01'),
(3, 'OA审批流', '维护中', '2025-03-10'),
(4, '数据中台', '进行中', '2026-04-01');

-- -------------------------------------------
-- 2. 测试人员表
-- -------------------------------------------
CREATE TABLE testers (
    id INT PRIMARY KEY AUTO_INCREMENT,
    name VARCHAR(20) NOT NULL,
    level ENUM('初级','中级','高级') DEFAULT '初级',
    project_id INT,
    FOREIGN KEY (project_id) REFERENCES projects(id)
);

INSERT INTO testers VALUES
(1, '张三', '中级', 1),
(2, '李四', '初级', 1),
(3, '王五', '高级', 2),
(4, '赵六', '中级', 3),
(5, '钱七', '初级', 2),
(6, '孙八', '高级', 4),
(7, '周九', '中级', 4);

-- -------------------------------------------
-- 3. 缺陷表（面试核心表）
-- -------------------------------------------
CREATE TABLE bugs (
    id INT PRIMARY KEY AUTO_INCREMENT,
    title VARCHAR(200) NOT NULL,
    severity ENUM('致命','严重','一般','轻微') NOT NULL,
    status ENUM('新建','已分配','已修复','已关闭','重新打开') DEFAULT '新建',
    project_id INT,
    tester_id INT,        -- 发现人
    assignee_id INT,       -- 修复人/处理人
    created_date DATE,
    closed_date DATE,
    FOREIGN KEY (project_id) REFERENCES projects(id),
    FOREIGN KEY (tester_id) REFERENCES testers(id),
    FOREIGN KEY (assignee_id) REFERENCES testers(id)
);

INSERT INTO bugs VALUES
(1, '登录页密码明文传输', '严重', '已关闭', 1, 1, 3, '2026-02-10', '2026-02-15'),
(2, '商品搜索结果为空时页面白屏', '一般', '已修复', 1, 2, 3, '2026-02-12', NULL),
(3, '下单按钮连续点击导致重复订单', '致命', '已关闭', 1, 1, 1, '2026-02-14', '2026-02-20'),
(4, '用户头像上传后不显示', '轻微', '新建', 1, 2, NULL, '2026-03-01', NULL),
(5, '客户列表分页数错误(显示999页)', '一般', '已分配', 2, 5, 3, '2026-03-05', NULL),
(6, 'CRM报表导出Excel为空文件', '严重', '已修复', 2, 3, 3, '2026-03-08', NULL),
(7, '手机号校验未限制长度', '一般', '已关闭', 2, 5, 3, '2026-03-10', '2026-03-12'),
(8, '审批流程第三步跳过直接完成', '致命', '已关闭', 3, 4, 4, '2026-02-01', '2026-02-05'),
(9, 'OA登录超时未自动退出', '严重', '重新打开', 3, 4, 4, '2026-02-20', '2026-02-22'),
(10, '数据看板实时刷新导致页面卡死', '严重', '已修复', 4, 7, 6, '2026-04-15', NULL),
(11, '图表颜色色盲不可区分', '轻微', '新建', 4, 6, NULL, '2026-05-01', NULL),
(12, '搜索框输入SQL注入脚本未过滤', '致命', '已关闭', 1, 1, 3, '2026-03-15', '2026-03-16'),
(13, '个人设置修改密码后旧密码仍可登录', '严重', '已分配', 2, 3, 5, '2026-04-20', NULL),
(14, 'Excel导出超1000行浏览器崩溃', '严重', '已修复', 4, 7, 6, '2026-05-10', NULL),
(15, '列表页删除最后一条数据后页面404', '一般', '新建', 3, 4, NULL, '2026-05-20', NULL);

-- -------------------------------------------
-- 4. 测试用例表
-- -------------------------------------------
CREATE TABLE test_cases (
    id INT PRIMARY KEY AUTO_INCREMENT,
    title VARCHAR(200) NOT NULL,
    module VARCHAR(50),
    priority ENUM('P0','P1','P2','P3') DEFAULT 'P2',
    result ENUM('通过','失败','阻塞','未执行') DEFAULT '未执行',
    project_id INT,
    tester_id INT,
    exec_date DATE,
    FOREIGN KEY (project_id) REFERENCES projects(id),
    FOREIGN KEY (tester_id) REFERENCES testers(id)
);

INSERT INTO test_cases VALUES
(1, '有效账号登录', '登录', 'P0', '通过', 1, 1, '2026-03-01'),
(2, '空密码登录', '登录', 'P0', '通过', 1, 2, '2026-03-01'),
(3, '锁定账号登录', '登录', 'P0', '失败', 1, 1, '2026-03-01'),
(4, '商品按价格排序', '商品列表', 'P1', '通过', 1, 2, '2026-03-02'),
(5, '加购多件商品', '购物车', 'P1', '通过', 1, 1, '2026-03-02'),
(6, '空购物车结账', '结账', 'P0', '阻塞', 1, 2, '2026-03-03'),
(7, '客户搜索精确匹配', '客户管理', 'P1', '通过', 2, 5, '2026-03-10'),
(8, '客户搜索模糊匹配', '客户管理', 'P1', '通过', 2, 3, '2026-03-10'),
(9, '报表导出PDF', '报表', 'P1', '失败', 2, 5, '2026-03-11'),
(10, '审批单提交', '审批', 'P0', '通过', 3, 4, '2026-02-15'),
(11, '审批驳回后重新提交', '审批', 'P1', '未执行', 3, 4, NULL),
(12, '数据看板加载', '看板', 'P0', '通过', 4, 7, '2026-05-05'),
(13, '看板时间筛选', '看板', 'P1', '通过', 4, 6, '2026-05-05'),
(14, '图表导出PNG', '看板', 'P2', '失败', 4, 7, '2026-05-06'),
(15, 'Token过期自动刷新', '登录', 'P1', '未执行', 1, 1, NULL),
(16, '文件上传超大文件', '通用', 'P2', '阻塞', 1, 2, '2026-03-05');
